-- ----------------------------
-- 1、部门表
-- ----------------------------
create table if not exists sys_dept
(
    dept_id     int8,
    parent_id   int8        default 0,
    ancestors   varchar(500)default ''::varchar,
    dept_name   varchar(30) default ''::varchar,
    dept_category varchar(100) default null::varchar,
    order_num   int4        default 0,
    leader      int8        default null,
    phone       varchar(11) default null::varchar,
    email       varchar(50) default null::varchar,
    status      char        default '0'::bpchar,
    del_flag    char        default '0'::bpchar,
    create_dept int8,
    create_by   int8,
    create_time timestamp,
    update_by   int8,
    update_time timestamp,
    constraint "sys_dept_pk" primary key (dept_id)
);

create index idx_sys_dept_parent_id ON sys_dept (parent_id);

comment on table sys_dept               is '部门表';
comment on column sys_dept.dept_id      is '部门ID';
comment on column sys_dept.parent_id    is '父部门ID';
comment on column sys_dept.ancestors    is '祖级列表';
comment on column sys_dept.dept_name    is '部门名称';
comment on column sys_dept.dept_category    is '部门类别编码';
comment on column sys_dept.order_num    is '显示顺序';
comment on column sys_dept.leader       is '负责人';
comment on column sys_dept.phone        is '联系电话';
comment on column sys_dept.email        is '邮箱';
comment on column sys_dept.status       is '部门状态（0正常 1停用）';
comment on column sys_dept.del_flag     is '删除标志（0代表存在 1代表删除）';
comment on column sys_dept.create_dept  is '创建部门';
comment on column sys_dept.create_by    is '创建者';
comment on column sys_dept.create_time  is '创建时间';
comment on column sys_dept.update_by    is '更新者';
comment on column sys_dept.update_time  is '更新时间';

-- ----------------------------
-- 初始化-部门表数据
-- ----------------------------
insert into sys_dept values(1761000000000000100, 0, '0', 'XXX科技', null, 0, null, '15888888888', 'xxx@qq.com', '0', '0', 1761000000000000103, 1761100000000000001, now(), null, null);
insert into sys_dept values(1761000000000000101, 1761000000000000100, '0,1761000000000000100', '深圳总公司', null, 1, null, '15888888888', 'xxx@qq.com', '0', '0', 1761000000000000103, 1761100000000000001, now(), null, null);
insert into sys_dept values(1761000000000000102, 1761000000000000100, '0,1761000000000000100', '长沙分公司', null, 2, null, '15888888888', 'xxx@qq.com', '0', '0', 1761000000000000103, 1761100000000000001, now(), null, null);
insert into sys_dept values(1761000000000000103, 1761000000000000101, '0,1761000000000000100,1761000000000000101', '研发部门', null, 1, 1761100000000000001, '15888888888', 'xxx@qq.com', '0', '0', 1761000000000000103, 1761100000000000001, now(), null, null);
insert into sys_dept values(1761000000000000104, 1761000000000000101, '0,1761000000000000100,1761000000000000101', '市场部门', null, 2, null, '15888888888', 'xxx@qq.com', '0', '0', 1761000000000000103, 1761100000000000001, now(), null, null);
insert into sys_dept values(1761000000000000105, 1761000000000000101, '0,1761000000000000100,1761000000000000101', '测试部门', null, 3, null, '15888888888', 'xxx@qq.com', '0', '0', 1761000000000000103, 1761100000000000001, now(), null, null);
insert into sys_dept values(1761000000000000106, 1761000000000000101, '0,1761000000000000100,1761000000000000101', '财务部门', null, 4, null, '15888888888', 'xxx@qq.com', '0', '0', 1761000000000000103, 1761100000000000001, now(), null, null);
insert into sys_dept values(1761000000000000107, 1761000000000000101, '0,1761000000000000100,1761000000000000101', '运维部门', null, 5, null, '15888888888', 'xxx@qq.com', '0', '0', 1761000000000000103, 1761100000000000001, now(), null, null);
insert into sys_dept values(1761000000000000108, 1761000000000000102, '0,1761000000000000100,1761000000000000102', '市场部门', null, 1, null, '15888888888', 'xxx@qq.com', '0', '0', 1761000000000000103, 1761100000000000001, now(), null, null);
insert into sys_dept values(1761000000000000109, 1761000000000000102, '0,1761000000000000100,1761000000000000102', '财务部门', null, 2, null, '15888888888', 'xxx@qq.com', '0', '0', 1761000000000000103, 1761100000000000001, now(), null, null);

-- ----------------------------
-- 2、用户信息表
-- ----------------------------
create table if not exists sys_user
(
    user_id     int8,
    dept_id     int8,
    user_name   varchar(30)  not null,
    nick_name   varchar(30)  not null,
    user_type   varchar(10)  default 'sys_user'::varchar,
    email       varchar(50)  default ''::varchar,
    phone_number varchar(11) default ''::varchar,
    gender      char         default '0'::bpchar,
    avatar      int8,
    password    varchar(100) default ''::varchar,
    status      char         default '0'::bpchar,
    del_flag    char         default '0'::bpchar,
    login_ip    varchar(128) default ''::varchar,
    login_date  timestamp,
    create_dept int8,
    create_by   int8,
    create_time timestamp,
    update_by   int8,
    update_time timestamp,
    remark      varchar(500) default null::varchar,
    constraint "sys_user_pk" primary key (user_id)
);

create index idx_sys_user_dept_id ON sys_user (dept_id);
create index idx_sys_user_create_by ON sys_user (create_by);
create index idx_sys_user_user_name ON sys_user (user_name);
create index idx_sys_user_phone ON sys_user (phone_number);

comment on table sys_user               is '用户信息表';
comment on column sys_user.user_id      is '用户ID';
comment on column sys_user.dept_id      is '部门ID';
comment on column sys_user.user_name    is '用户账号';
comment on column sys_user.nick_name    is '用户昵称';
comment on column sys_user.user_type    is '用户类型（sys_user系统用户）';
comment on column sys_user.email        is '用户邮箱';
comment on column sys_user.phone_number is '手机号码';
comment on column sys_user.gender       is '用户性别（0男 1女 2未知）';
comment on column sys_user.avatar       is '头像地址';
comment on column sys_user.password     is '密码';
comment on column sys_user.status       is '账号状态（0正常 1停用）';
comment on column sys_user.del_flag     is '删除标志（0代表存在 1代表删除）';
comment on column sys_user.login_ip     is '最后登陆IP';
comment on column sys_user.login_date   is '最后登陆时间';
comment on column sys_user.create_dept  is '创建部门';
comment on column sys_user.create_by    is '创建者';
comment on column sys_user.create_time  is '创建时间';
comment on column sys_user.update_by    is '更新者';
comment on column sys_user.update_time  is '更新时间';
comment on column sys_user.remark       is '备注';

-- ----------------------------

-- 初始化-用户信息表数据
-- ----------------------------
insert into sys_user values(1761100000000000001, 1761000000000000103, 'admin', '疯狂的狮子Li', 'sys_user', 'crazyLionLi@163.com', '15888888888', '1', null, '$2a$10$7JB720yubVSZvUI0rEqK/.VqGOZTH.ulu33dHOiBE8ByOhJIrdAu2', '0', '0', '127.0.0.1', now(), 1761000000000000103, 1761100000000000001, now(), null, null, '管理员');
insert into sys_user VALUES(1761100000000000003, 1761000000000000108, 'test', '本部门及以下 密码666666', 'sys_user', '', '', '0', null, '$2a$10$b8yUzN0C71sbz.PhNOCgJe.Tu1yWC3RNrTyjSQ8p1W0.aaUXUJ.Ne', '0', '0', '127.0.0.1', now(), 1761000000000000103, 1761100000000000001, now(), 1761100000000000003, now(), NULL);
insert into sys_user VALUES(1761100000000000004, 1761000000000000102, 'test1', '仅本人 密码666666', 'sys_user', '', '', '0', null, '$2a$10$b8yUzN0C71sbz.PhNOCgJe.Tu1yWC3RNrTyjSQ8p1W0.aaUXUJ.Ne', '0', '0', '127.0.0.1', now(), 1761000000000000103, 1761100000000000001, now(), 1761100000000000004, now(), NULL);

-- ----------------------------
-- 3、岗位信息表
-- ----------------------------
create table if not exists sys_post
(
    post_id     int8,
    dept_id     int8,
    post_code   varchar(64) not null,
    post_category   varchar(100) default null,
    post_name   varchar(50) not null,
    post_sort   int4        not null,
    status      char        not null,
    del_flag    char        default '0'::bpchar,
    create_dept int8,
    create_by   int8,
    create_time timestamp,
    update_by   int8,
    update_time timestamp,
    remark      varchar(500) default null::varchar,
    constraint "sys_post_pk" primary key (post_id)
);

create index idx_sys_post_dept_id ON sys_post (dept_id);

comment on table sys_post               is '岗位信息表';
comment on column sys_post.post_id      is '岗位ID';
comment on column sys_post.dept_id      is '部门id';
comment on column sys_post.post_code    is '岗位编码';
comment on column sys_post.post_category is '岗位类别编码';
comment on column sys_post.post_name    is '岗位名称';
comment on column sys_post.post_sort    is '显示顺序';
comment on column sys_post.status       is '状态（0正常 1停用）';
comment on column sys_post.del_flag     is '删除标志（0代表存在 1代表删除）';
comment on column sys_post.create_dept  is '创建部门';
comment on column sys_post.create_by    is '创建者';
comment on column sys_post.create_time  is '创建时间';
comment on column sys_post.update_by    is '更新者';
comment on column sys_post.update_time  is '更新时间';
comment on column sys_post.remark       is '备注';

-- ----------------------------
-- 初始化-岗位信息表数据
-- ----------------------------
insert into sys_post values(1761200000000000001, 1761000000000000103, 'ceo', null, '董事长', 1, '0', '0', 1761000000000000103, 1761100000000000001, now(), null, null, '');
insert into sys_post values(1761200000000000002, 1761000000000000100, 'se', null, '项目经理', 2, '0', '0', 1761000000000000103, 1761100000000000001, now(), null, null, '');
insert into sys_post values(1761200000000000003, 1761000000000000100, 'hr', null, '人力资源', 3, '0', '0', 1761000000000000103, 1761100000000000001, now(), null, null, '');
insert into sys_post values(1761200000000000004, 1761000000000000100, 'user', null, '普通员工', 4, '0', '0', 1761000000000000103, 1761100000000000001, now(), null, null, '');

-- ----------------------------
-- 4、角色信息表
-- ----------------------------
create table if not exists sys_role
(
    role_id             int8,
    role_name           varchar(30)  not null,
    role_key            varchar(100) not null,
    role_sort           int4         not null,
    data_scope          char         default '1'::bpchar,
    menu_check_strictly bool         default true,
    dept_check_strictly bool         default true,
    status              char         not null,
    del_flag            char         default '0'::bpchar,
    create_dept         int8,
    create_by           int8,
    create_time         timestamp,
    update_by           int8,
    update_time         timestamp,
    remark              varchar(500) default null::varchar,
    constraint "sys_role_pk" primary key (role_id)
);

create index idx_sys_role_create_dept ON sys_role (create_dept);
create index idx_sys_role_create_by ON sys_role (create_by);

comment on table sys_role                       is '角色信息表';
comment on column sys_role.role_id              is '角色ID';
comment on column sys_role.role_name            is '角色名称';
comment on column sys_role.role_key             is '角色权限字符串';
comment on column sys_role.role_sort            is '显示顺序';
comment on column sys_role.data_scope           is '数据范围（1：全部数据权限 2：自定数据权限 3：本部门数据权限 4：本部门及以下数据权限 5：仅本人数据权限 6：部门及以下或本人数据权限）';
comment on column sys_role.menu_check_strictly  is '菜单树选择项是否关联显示';
comment on column sys_role.dept_check_strictly  is '部门树选择项是否关联显示';
comment on column sys_role.status               is '角色状态（0正常 1停用）';
comment on column sys_role.del_flag             is '删除标志（0代表存在 1代表删除）';
comment on column sys_role.create_dept          is '创建部门';
comment on column sys_role.create_by            is '创建者';
comment on column sys_role.create_time          is '创建时间';
comment on column sys_role.update_by            is '更新者';
comment on column sys_role.update_time          is '更新时间';
comment on column sys_role.remark               is '备注';

-- ----------------------------
-- 初始化-角色信息表数据
-- ----------------------------
insert into sys_role values(1761300000000000001, '超级管理员', 'superadmin', 1, '1', 't', 't', '0', '0', 1761000000000000103, 1761100000000000001, now(), null, null, '超级管理员');
insert into sys_role values(1761300000000000003, '本部门及以下', 'test1', 3, '4', 't', 't', '0', '0', 1761000000000000103, 1761100000000000001, now(), NULL, NULL, '');
insert into sys_role values(1761300000000000004, '仅本人', 'test2', 4, '5', 't', 't', '0', '0', 1761000000000000103, 1761100000000000001, now(), NULL, NULL, '');

-- ----------------------------
-- 5、菜单权限表
-- ----------------------------
create table if not exists sys_menu
(
    menu_id     int8,
    menu_name   varchar(50) not null,
    parent_id   int8         default 0,
    order_num   int4         default 0,
    path        varchar(200) default ''::varchar,
    component   varchar(255) default null::varchar,
    query_param varchar(255) default null::varchar,
    is_frame    char         default 'N'::bpchar,
    is_cache    char         default 'Y'::bpchar,
    menu_type   char         default ''::bpchar,
    visible     char         default '0'::bpchar,
    status      char         default '0'::bpchar,
    perms       varchar(100) default null::varchar,
    icon        varchar(100) default '#'::varchar,
    active_menu varchar(255) default ''::varchar,
    ext         varchar(2000) default ''::varchar,
    create_dept int8,
    create_by   int8,
    create_time timestamp,
    update_by   int8,
    update_time timestamp,
    remark      varchar(500) default ''::varchar,
    constraint "sys_menu_pk" primary key (menu_id)
);

comment on table sys_menu               is '菜单权限表';
comment on column sys_menu.menu_id      is '菜单ID';
comment on column sys_menu.menu_name    is '菜单名称';
comment on column sys_menu.parent_id    is '父菜单ID';
comment on column sys_menu.order_num    is '显示顺序';
comment on column sys_menu.path         is '路由地址';
comment on column sys_menu.component    is '组件路径';
comment on column sys_menu.query_param  is '路由参数';
comment on column sys_menu.is_frame     is '是否为外链（Y是 N否）';
comment on column sys_menu.is_cache     is '是否缓存（Y缓存 N不缓存）';
comment on column sys_menu.menu_type    is '菜单类型（M目录 C菜单 F按钮）';
comment on column sys_menu.visible      is '显示状态（0显示 1隐藏）';
comment on column sys_menu.status       is '菜单状态（0正常 1停用）';
comment on column sys_menu.perms        is '权限标识';
comment on column sys_menu.icon         is '菜单图标';
comment on column sys_menu.create_dept  is '创建部门';
comment on column sys_menu.create_by    is '创建者';
comment on column sys_menu.create_time  is '创建时间';
comment on column sys_menu.update_by    is '更新者';
comment on column sys_menu.update_time  is '更新时间';
comment on column sys_menu.active_menu  is '激活菜单路径';
comment on column sys_menu.ext          is '扩展字段';
comment on column sys_menu.remark       is '备注';

-- ----------------------------
-- 初始化-菜单信息表数据
-- ----------------------------
-- 一级菜单
insert into sys_menu values(1761400000000000001, '系统管理', 0, 1, 'system', null, '', 'N', 'Y', 'M', '0', '0', '', 'system', '', '', 1761000000000000103, 1761100000000000001, now(), null, null, '系统管理目录');
insert into sys_menu values(1761400000000000002, '系统监控', 0, 3, 'monitor', null, '', 'N', 'Y', 'M', '0', '0', '', 'monitor', '', '', 1761000000000000103, 1761100000000000001, now(), null, null, '系统监控目录');
-- 二级菜单
insert into sys_menu values(1761400000000000100, '用户管理', 1761400000000000001, 1, 'user', 'system/user/index', '', 'N', 'Y', 'C', '0', '0', 'system:user:list', 'user', '', '', 1761000000000000103, 1761100000000000001, now(), null, null, '用户管理菜单');
insert into sys_menu values(1761400000000000101, '角色管理', 1761400000000000001, 2, 'role', 'system/role/index', '', 'N', 'Y', 'C', '0', '0', 'system:role:list', 'peoples', '', '', 1761000000000000103, 1761100000000000001, now(), null, null, '角色管理菜单');
insert into sys_menu values(1761400000000000102, '菜单管理', 1761400000000000001, 3, 'menu', 'system/menu/index', '', 'N', 'Y', 'C', '0', '0', 'system:menu:list', 'tree-table', '', '', 1761000000000000103, 1761100000000000001, now(), null, null, '菜单管理菜单');
insert into sys_menu values(1761400000000000103, '部门管理', 1761400000000000001, 4, 'dept', 'system/dept/index', '', 'N', 'Y', 'C', '0', '0', 'system:dept:list', 'tree', '', '', 1761000000000000103, 1761100000000000001, now(), null, null, '部门管理菜单');
insert into sys_menu values(1761400000000000104, '岗位管理', 1761400000000000001, 5, 'post', 'system/post/index', '', 'N', 'Y', 'C', '0', '0', 'system:post:list', 'post', '', '', 1761000000000000103, 1761100000000000001, now(), null, null, '岗位管理菜单');
insert into sys_menu values(1761400000000000105, '字典管理', 1761400000000000001, 6, 'dict', 'system/dict/index', '', 'N', 'Y', 'C', '0', '0', 'system:dict:list', 'dict', '', '', 1761000000000000103, 1761100000000000001, now(), null, null, '字典管理菜单');
insert into sys_menu values(1761400000000000106, '参数设置', 1761400000000000001, 7, 'config', 'system/config/index', '', 'N', 'Y', 'C', '0', '0', 'system:config:list', 'edit', '', '', 1761000000000000103, 1761100000000000001, now(), null, null, '参数设置菜单');
insert into sys_menu values(1761400000000000107, '通知公告', 1761400000000000001, 8, 'notice', 'system/notice/index', '', 'N', 'Y', 'C', '0', '0', 'system:notice:list', 'message', '', '', 1761000000000000103, 1761100000000000001, now(), null, null, '通知公告菜单');
insert into sys_menu values(1761400000000000108, '日志管理', 1761400000000000001, 9, 'log', '', '', 'N', 'Y', 'M', '0', '0', '', 'log', '', '', 1761000000000000103, 1761100000000000001, now(), null, null, '日志管理菜单');
insert into sys_menu values(1761400000000000109, '在线用户', 1761400000000000002, 1, 'online', 'monitor/online/index', '', 'N', 'Y', 'C', '0', '0', 'monitor:online:list', 'online', '', '', 1761000000000000103, 1761100000000000001, now(), null, null, '在线用户菜单');
insert into sys_menu values(1761400000000000113, '缓存监控', 1761400000000000002, 5, 'cache', 'monitor/cache/index', '', 'N', 'Y', 'C', '0', '0', 'monitor:cache:list', 'redis', '', '', 1761000000000000103, 1761100000000000001, now(), null, null, '缓存监控菜单');
insert into sys_menu values(1761400000000000123, '客户端管理', 1761400000000000001, 11, 'client', 'system/client/index', '', 'N', 'Y', 'C', '0', '0', 'system:client:list', 'international', '', '', 1761000000000000103, 1761100000000000001, now(), null, null, '客户端管理菜单');
insert into sys_menu values(1761400000000000130, '分配用户', 1761400000000000001, 2, 'role-auth/user/:roleId', 'system/role/authUser', '', 'N', 'N', 'C', '1', '0', 'system:role:edit', '#', '/system/role', '', 1761000000000000103, 1761100000000000001, now(), null, null, '');
insert into sys_menu values(1761400000000000131, '分配角色', 1761400000000000001, 1, 'user-auth/role/:userId', 'system/user/authRole', '', 'N', 'N', 'C', '1', '0', 'system:user:edit', '#', '/system/user', '', 1761000000000000103, 1761100000000000001, now(), null, null, '');
insert into sys_menu values(1761400000000000133, '文件配置管理', 1761400000000000001, 10, 'oss-config/index', 'system/oss/config', '', 'N', 'N', 'C', '1', '0', 'system:ossConfig:list', '#', '/system/oss', '', 1761000000000000103, 1761100000000000001, now(), null, null, '');

-- oss菜单
insert into sys_menu values(1761400000000000118, '文件管理', 1761400000000000001, 10, 'oss', 'system/oss/index', '', 'N', 'Y', 'C', '0', '0', 'system:oss:list', 'upload', '', '', 1761000000000000103, 1761100000000000001, now(), null, null, '文件管理菜单');
-- snail-job server控制台
insert into sys_menu values(1761400000000000120, '任务调度中心', 1761400000000000002, 6, 'snailjob', 'monitor/snailjob/index', '', 'N', 'Y', 'C', '0', '0', 'monitor:snailjob:list', 'job', '', '', 1761000000000000103, 1761100000000000001, now(), null, null, 'SnailJob控制台菜单');
-- snail-ai server控制台

-- 三级菜单
insert into sys_menu values(1761400000000000500, '操作日志', 1761400000000000108, 1, 'operlog', 'monitor/operlog/index', '', 'N', 'Y', 'C', '0', '0', 'monitor:operlog:list', 'form', '', '', 1761000000000000103, 1761100000000000001, now(), null, null, '操作日志菜单');
insert into sys_menu values(1761400000000000501, '登录日志', 1761400000000000108, 2, 'logininfo', 'monitor/logininfo/index', '', 'N', 'Y', 'C', '0', '0', 'monitor:logininfo:list', 'logininfo', '', '', 1761000000000000103, 1761100000000000001, now(), null, null, '登录日志菜单');
-- 用户管理按钮
insert into sys_menu values(1761400000000001001, '用户查询', 1761400000000000100, 1, '', '', '', 'N', 'Y', 'F', '0', '0', 'system:user:query', '#', '', '', 1761000000000000103, 1761100000000000001, now(), null, null, '');
insert into sys_menu values(1761400000000001002, '用户新增', 1761400000000000100, 2, '', '', '', 'N', 'Y', 'F', '0', '0', 'system:user:add', '#', '', '', 1761000000000000103, 1761100000000000001, now(), null, null, '');
insert into sys_menu values(1761400000000001003, '用户修改', 1761400000000000100, 3, '', '', '', 'N', 'Y', 'F', '0', '0', 'system:user:edit', '#', '', '', 1761000000000000103, 1761100000000000001, now(), null, null, '');
insert into sys_menu values(1761400000000001004, '用户删除', 1761400000000000100, 4, '', '', '', 'N', 'Y', 'F', '0', '0', 'system:user:remove', '#', '', '', 1761000000000000103, 1761100000000000001, now(), null, null, '');
insert into sys_menu values(1761400000000001005, '用户导出', 1761400000000000100, 5, '', '', '', 'N', 'Y', 'F', '0', '0', 'system:user:export', '#', '', '', 1761000000000000103, 1761100000000000001, now(), null, null, '');
insert into sys_menu values(1761400000000001006, '用户导入', 1761400000000000100, 6, '', '', '', 'N', 'Y', 'F', '0', '0', 'system:user:import', '#', '', '', 1761000000000000103, 1761100000000000001, now(), null, null, '');
insert into sys_menu values(1761400000000001007, '重置密码', 1761400000000000100, 7, '', '', '', 'N', 'Y', 'F', '0', '0', 'system:user:resetPwd', '#', '', '', 1761000000000000103, 1761100000000000001, now(), null, null, '');
-- 角色管理按钮
insert into sys_menu values(1761400000000001008, '角色查询', 1761400000000000101, 1, '', '', '', 'N', 'Y', 'F', '0', '0', 'system:role:query', '#', '', '', 1761000000000000103, 1761100000000000001, now(), null, null, '');
insert into sys_menu values(1761400000000001009, '角色新增', 1761400000000000101, 2, '', '', '', 'N', 'Y', 'F', '0', '0', 'system:role:add', '#', '', '', 1761000000000000103, 1761100000000000001, now(), null, null, '');
insert into sys_menu values(1761400000000001010, '角色修改', 1761400000000000101, 3, '', '', '', 'N', 'Y', 'F', '0', '0', 'system:role:edit', '#', '', '', 1761000000000000103, 1761100000000000001, now(), null, null, '');
insert into sys_menu values(1761400000000001011, '角色删除', 1761400000000000101, 4, '', '', '', 'N', 'Y', 'F', '0', '0', 'system:role:remove', '#', '', '', 1761000000000000103, 1761100000000000001, now(), null, null, '');
insert into sys_menu values(1761400000000001012, '角色导出', 1761400000000000101, 5, '', '', '', 'N', 'Y', 'F', '0', '0', 'system:role:export', '#', '', '', 1761000000000000103, 1761100000000000001, now(), null, null, '');
-- 菜单管理按钮
insert into sys_menu values(1761400000000001013, '菜单查询', 1761400000000000102, 1, '', '', '', 'N', 'Y', 'F', '0', '0', 'system:menu:query', '#', '', '', 1761000000000000103, 1761100000000000001, now(), null, null, '');
insert into sys_menu values(1761400000000001014, '菜单新增', 1761400000000000102, 2, '', '', '', 'N', 'Y', 'F', '0', '0', 'system:menu:add', '#', '', '', 1761000000000000103, 1761100000000000001, now(), null, null, '');
insert into sys_menu values(1761400000000001015, '菜单修改', 1761400000000000102, 3, '', '', '', 'N', 'Y', 'F', '0', '0', 'system:menu:edit', '#', '', '', 1761000000000000103, 1761100000000000001, now(), null, null, '');
insert into sys_menu values(1761400000000001016, '菜单删除', 1761400000000000102, 4, '', '', '', 'N', 'Y', 'F', '0', '0', 'system:menu:remove', '#', '', '', 1761000000000000103, 1761100000000000001, now(), null, null, '');
-- 部门管理按钮
insert into sys_menu values(1761400000000001017, '部门查询', 1761400000000000103, 1, '', '', '', 'N', 'Y', 'F', '0', '0', 'system:dept:query', '#', '', '', 1761000000000000103, 1761100000000000001, now(), null, null, '');
insert into sys_menu values(1761400000000001018, '部门新增', 1761400000000000103, 2, '', '', '', 'N', 'Y', 'F', '0', '0', 'system:dept:add', '#', '', '', 1761000000000000103, 1761100000000000001, now(), null, null, '');
insert into sys_menu values(1761400000000001019, '部门修改', 1761400000000000103, 3, '', '', '', 'N', 'Y', 'F', '0', '0', 'system:dept:edit', '#', '', '', 1761000000000000103, 1761100000000000001, now(), null, null, '');
insert into sys_menu values(1761400000000001020, '部门删除', 1761400000000000103, 4, '', '', '', 'N', 'Y', 'F', '0', '0', 'system:dept:remove', '#', '', '', 1761000000000000103, 1761100000000000001, now(), null, null, '');
-- 岗位管理按钮
insert into sys_menu values(1761400000000001021, '岗位查询', 1761400000000000104, 1, '', '', '', 'N', 'Y', 'F', '0', '0', 'system:post:query', '#', '', '', 1761000000000000103, 1761100000000000001, now(), null, null, '');
insert into sys_menu values(1761400000000001022, '岗位新增', 1761400000000000104, 2, '', '', '', 'N', 'Y', 'F', '0', '0', 'system:post:add', '#', '', '', 1761000000000000103, 1761100000000000001, now(), null, null, '');
insert into sys_menu values(1761400000000001023, '岗位修改', 1761400000000000104, 3, '', '', '', 'N', 'Y', 'F', '0', '0', 'system:post:edit', '#', '', '', 1761000000000000103, 1761100000000000001, now(), null, null, '');
insert into sys_menu values(1761400000000001024, '岗位删除', 1761400000000000104, 4, '', '', '', 'N', 'Y', 'F', '0', '0', 'system:post:remove', '#', '', '', 1761000000000000103, 1761100000000000001, now(), null, null, '');
insert into sys_menu values(1761400000000001025, '岗位导出', 1761400000000000104, 5, '', '', '', 'N', 'Y', 'F', '0', '0', 'system:post:export', '#', '', '', 1761000000000000103, 1761100000000000001, now(), null, null, '');
-- 字典管理按钮
insert into sys_menu values(1761400000000001026, '字典查询', 1761400000000000105, 1, '#', '', '', 'N', 'Y', 'F', '0', '0', 'system:dict:query', '#', '', '', 1761000000000000103, 1761100000000000001, now(), null, null, '');
insert into sys_menu values(1761400000000001027, '字典新增', 1761400000000000105, 2, '#', '', '', 'N', 'Y', 'F', '0', '0', 'system:dict:add', '#', '', '', 1761000000000000103, 1761100000000000001, now(), null, null, '');
insert into sys_menu values(1761400000000001028, '字典修改', 1761400000000000105, 3, '#', '', '', 'N', 'Y', 'F', '0', '0', 'system:dict:edit', '#', '', '', 1761000000000000103, 1761100000000000001, now(), null, null, '');
insert into sys_menu values(1761400000000001029, '字典删除', 1761400000000000105, 4, '#', '', '', 'N', 'Y', 'F', '0', '0', 'system:dict:remove', '#', '', '', 1761000000000000103, 1761100000000000001, now(), null, null, '');
insert into sys_menu values(1761400000000001030, '字典导出', 1761400000000000105, 5, '#', '', '', 'N', 'Y', 'F', '0', '0', 'system:dict:export', '#', '', '', 1761000000000000103, 1761100000000000001, now(), null, null, '');
-- 参数设置按钮
insert into sys_menu values(1761400000000001031, '参数查询', 1761400000000000106, 1, '#', '', '', 'N', 'Y', 'F', '0', '0', 'system:config:query', '#', '', '', 1761000000000000103, 1761100000000000001, now(), null, null, '');
insert into sys_menu values(1761400000000001032, '参数新增', 1761400000000000106, 2, '#', '', '', 'N', 'Y', 'F', '0', '0', 'system:config:add', '#', '', '', 1761000000000000103, 1761100000000000001, now(), null, null, '');
insert into sys_menu values(1761400000000001033, '参数修改', 1761400000000000106, 3, '#', '', '', 'N', 'Y', 'F', '0', '0', 'system:config:edit', '#', '', '', 1761000000000000103, 1761100000000000001, now(), null, null, '');
insert into sys_menu values(1761400000000001034, '参数删除', 1761400000000000106, 4, '#', '', '', 'N', 'Y', 'F', '0', '0', 'system:config:remove', '#', '', '', 1761000000000000103, 1761100000000000001, now(), null, null, '');
insert into sys_menu values(1761400000000001035, '参数导出', 1761400000000000106, 5, '#', '', '', 'N', 'Y', 'F', '0', '0', 'system:config:export', '#', '', '', 1761000000000000103, 1761100000000000001, now(), null, null, '');
-- 通知公告按钮
insert into sys_menu values(1761400000000001036, '公告查询', 1761400000000000107, 1, '#', '', '', 'N', 'Y', 'F', '0', '0', 'system:notice:query', '#', '', '', 1761000000000000103, 1761100000000000001, now(), null, null, '');
insert into sys_menu values(1761400000000001037, '公告新增', 1761400000000000107, 2, '#', '', '', 'N', 'Y', 'F', '0', '0', 'system:notice:add', '#', '', '', 1761000000000000103, 1761100000000000001, now(), null, null, '');
insert into sys_menu values(1761400000000001038, '公告修改', 1761400000000000107, 3, '#', '', '', 'N', 'Y', 'F', '0', '0', 'system:notice:edit', '#', '', '', 1761000000000000103, 1761100000000000001, now(), null, null, '');
insert into sys_menu values(1761400000000001039, '公告删除', 1761400000000000107, 4, '#', '', '', 'N', 'Y', 'F', '0', '0', 'system:notice:remove', '#', '', '', 1761000000000000103, 1761100000000000001, now(), null, null, '');
-- 操作日志按钮
insert into sys_menu values(1761400000000001040, '操作查询', 1761400000000000500, 1, '#', '', '', 'N', 'Y', 'F', '0', '0', 'monitor:operlog:query', '#', '', '', 1761000000000000103, 1761100000000000001, now(), null, null, '');
insert into sys_menu values(1761400000000001041, '操作删除', 1761400000000000500, 2, '#', '', '', 'N', 'Y', 'F', '0', '0', 'monitor:operlog:remove', '#', '', '', 1761000000000000103, 1761100000000000001, now(), null, null, '');
insert into sys_menu values(1761400000000001042, '日志导出', 1761400000000000500, 4, '#', '', '', 'N', 'Y', 'F', '0', '0', 'monitor:operlog:export', '#', '', '', 1761000000000000103, 1761100000000000001, now(), null, null, '');
-- 登录日志按钮
insert into sys_menu values(1761400000000001043, '登录查询', 1761400000000000501, 1, '#', '', '', 'N', 'Y', 'F', '0', '0', 'monitor:logininfo:query', '#', '', '', 1761000000000000103, 1761100000000000001, now(), null, null, '');
insert into sys_menu values(1761400000000001044, '登录删除', 1761400000000000501, 2, '#', '', '', 'N', 'Y', 'F', '0', '0', 'monitor:logininfo:remove', '#', '', '', 1761000000000000103, 1761100000000000001, now(), null, null, '');
insert into sys_menu values(1761400000000001045, '日志导出', 1761400000000000501, 3, '#', '', '', 'N', 'Y', 'F', '0', '0', 'monitor:logininfo:export', '#', '', '', 1761000000000000103, 1761100000000000001, now(), null, null, '');
insert into sys_menu values(1761400000000001050, '账户解锁', 1761400000000000501, 4, '#', '', '', 'N', 'Y', 'F', '0', '0', 'monitor:logininfo:unlock', '#', '', '', 1761000000000000103, 1761100000000000001, now(), null, null, '');
-- 在线用户按钮
insert into sys_menu values(1761400000000001046, '在线查询', 1761400000000000109, 1, '#', '', '', 'N', 'Y', 'F', '0', '0', 'monitor:online:query', '#', '', '', 1761000000000000103, 1761100000000000001, now(), null, null, '');
insert into sys_menu values(1761400000000001047, '批量强退', 1761400000000000109, 2, '#', '', '', 'N', 'Y', 'F', '0', '0', 'monitor:online:batchLogout', '#', '', '', 1761000000000000103, 1761100000000000001, now(), null, null, '');
insert into sys_menu values(1761400000000001048, '单条强退', 1761400000000000109, 3, '#', '', '', 'N', 'Y', 'F', '0', '0', 'monitor:online:forceLogout', '#', '', '', 1761000000000000103, 1761100000000000001, now(), null, null, '');
-- oss相关按钮
insert into sys_menu values(1761400000000001600, '文件查询', 1761400000000000118, 1, '#', '', '', 'N', 'Y', 'F', '0', '0', 'system:oss:query', '#', '', '', 1761000000000000103, 1761100000000000001, now(), null, null, '');
insert into sys_menu values(1761400000000001601, '文件上传', 1761400000000000118, 2, '#', '', '', 'N', 'Y', 'F', '0', '0', 'system:oss:upload', '#', '', '', 1761000000000000103, 1761100000000000001, now(), null, null, '');
insert into sys_menu values(1761400000000001602, '文件下载', 1761400000000000118, 3, '#', '', '', 'N', 'Y', 'F', '0', '0', 'system:oss:download', '#', '', '', 1761000000000000103, 1761100000000000001, now(), null, null, '');
insert into sys_menu values(1761400000000001603, '文件删除', 1761400000000000118, 4, '#', '', '', 'N', 'Y', 'F', '0', '0', 'system:oss:remove', '#', '', '', 1761000000000000103, 1761100000000000001, now(), null, null, '');
insert into sys_menu values(1761400000000001620, '配置列表', 1761400000000000118, 5, '#', '', '', 'N', 'Y', 'F', '0', '0', 'system:ossConfig:list', '#', '', '', 1761000000000000103, 1761100000000000001, now(), null, null, '');
insert into sys_menu values(1761400000000001621, '配置添加', 1761400000000000118, 6, '#', '', '', 'N', 'Y', 'F', '0', '0', 'system:ossConfig:add', '#', '', '', 1761000000000000103, 1761100000000000001, now(), null, null, '');
insert into sys_menu values(1761400000000001622, '配置编辑', 1761400000000000118, 6, '#', '', '', 'N', 'Y', 'F', '0', '0', 'system:ossConfig:edit', '#', '', '', 1761000000000000103, 1761100000000000001, now(), null, null, '');
insert into sys_menu values(1761400000000001623, '配置删除', 1761400000000000118, 6, '#', '', '', 'N', 'Y', 'F', '0', '0', 'system:ossConfig:remove', '#', '', '', 1761000000000000103, 1761100000000000001, now(), null, null, '');
-- 客户端管理按钮
insert into sys_menu values(1761400000000001061, '客户端管理查询', 1761400000000000123, 1, '#', '', '', 'N', 'Y', 'F', '0', '0', 'system:client:query', '#', '', '', 1761000000000000103, 1761100000000000001, now(), null, null, '');
insert into sys_menu values(1761400000000001062, '客户端管理新增', 1761400000000000123, 2, '#', '', '', 'N', 'Y', 'F', '0', '0', 'system:client:add', '#', '', '', 1761000000000000103, 1761100000000000001, now(), null, null, '');
insert into sys_menu values(1761400000000001063, '客户端管理修改', 1761400000000000123, 3, '#', '', '', 'N', 'Y', 'F', '0', '0', 'system:client:edit', '#', '', '', 1761000000000000103, 1761100000000000001, now(), null, null, '');
insert into sys_menu values(1761400000000001064, '客户端管理删除', 1761400000000000123, 4, '#', '', '', 'N', 'Y', 'F', '0', '0', 'system:client:remove', '#', '', '', 1761000000000000103, 1761100000000000001, now(), null, null, '');
insert into sys_menu values(1761400000000001065, '客户端管理导出', 1761400000000000123, 5, '#', '', '', 'N', 'Y', 'F', '0', '0', 'system:client:export', '#', '', '', 1761000000000000103, 1761100000000000001, now(), null, null, '');


-- ----------------------------
-- 6、用户和角色关联表  用户N-1角色
-- ----------------------------
create table if not exists sys_user_role
(
    user_id int8 not null,
    role_id int8 not null,
    constraint sys_user_role_pk primary key (user_id, role_id)
);

create index idx_sys_user_role_rid ON sys_user_role (role_id);

comment on table sys_user_role              is '用户和角色关联表';
comment on column sys_user_role.user_id     is '用户ID';
comment on column sys_user_role.role_id     is '角色ID';

-- ----------------------------
-- 初始化-用户和角色关联表数据
-- ----------------------------
insert into sys_user_role values (1761100000000000001, 1761300000000000001);
insert into sys_user_role values (1761100000000000003, 1761300000000000003);
insert into sys_user_role values (1761100000000000004, 1761300000000000004);

-- ----------------------------
-- 7、角色和菜单关联表  角色1-N菜单
-- ----------------------------
create table if not exists sys_role_menu
(
    role_id int8 not null,
    menu_id int8 not null,
    constraint sys_role_menu_pk primary key (role_id, menu_id)
);

comment on table sys_role_menu              is '角色和菜单关联表';
comment on column sys_role_menu.role_id     is '角色ID';
comment on column sys_role_menu.menu_id     is '菜单ID';

-- ----------------------------
-- 初始化-角色和菜单关联表数据
-- ----------------------------
insert into sys_role_menu values (1761300000000000003, 1761400000000000001);
insert into sys_role_menu values (1761300000000000003, 1761400000000000100);
insert into sys_role_menu values (1761300000000000003, 1761400000000000101);
insert into sys_role_menu values (1761300000000000003, 1761400000000000102);
insert into sys_role_menu values (1761300000000000003, 1761400000000000103);
insert into sys_role_menu values (1761300000000000003, 1761400000000000104);
insert into sys_role_menu values (1761300000000000003, 1761400000000000105);
insert into sys_role_menu values (1761300000000000003, 1761400000000000106);
insert into sys_role_menu values (1761300000000000003, 1761400000000000107);
insert into sys_role_menu values (1761300000000000003, 1761400000000000108);
insert into sys_role_menu values (1761300000000000003, 1761400000000000118);
insert into sys_role_menu values (1761300000000000003, 1761400000000000123);
insert into sys_role_menu values (1761300000000000003, 1761400000000000130);
insert into sys_role_menu values (1761300000000000003, 1761400000000000131);
insert into sys_role_menu values (1761300000000000003, 1761400000000000133);
insert into sys_role_menu values (1761300000000000003, 1761400000000000500);
insert into sys_role_menu values (1761300000000000003, 1761400000000000501);
insert into sys_role_menu values (1761300000000000003, 1761400000000001001);
insert into sys_role_menu values (1761300000000000003, 1761400000000001002);
insert into sys_role_menu values (1761300000000000003, 1761400000000001003);
insert into sys_role_menu values (1761300000000000003, 1761400000000001004);
insert into sys_role_menu values (1761300000000000003, 1761400000000001005);
insert into sys_role_menu values (1761300000000000003, 1761400000000001006);
insert into sys_role_menu values (1761300000000000003, 1761400000000001007);
insert into sys_role_menu values (1761300000000000003, 1761400000000001008);
insert into sys_role_menu values (1761300000000000003, 1761400000000001009);
insert into sys_role_menu values (1761300000000000003, 1761400000000001010);
insert into sys_role_menu values (1761300000000000003, 1761400000000001011);
insert into sys_role_menu values (1761300000000000003, 1761400000000001012);
insert into sys_role_menu values (1761300000000000003, 1761400000000001013);
insert into sys_role_menu values (1761300000000000003, 1761400000000001014);
insert into sys_role_menu values (1761300000000000003, 1761400000000001015);
insert into sys_role_menu values (1761300000000000003, 1761400000000001016);
insert into sys_role_menu values (1761300000000000003, 1761400000000001017);
insert into sys_role_menu values (1761300000000000003, 1761400000000001018);
insert into sys_role_menu values (1761300000000000003, 1761400000000001019);
insert into sys_role_menu values (1761300000000000003, 1761400000000001020);
insert into sys_role_menu values (1761300000000000003, 1761400000000001021);
insert into sys_role_menu values (1761300000000000003, 1761400000000001022);
insert into sys_role_menu values (1761300000000000003, 1761400000000001023);
insert into sys_role_menu values (1761300000000000003, 1761400000000001024);
insert into sys_role_menu values (1761300000000000003, 1761400000000001025);
insert into sys_role_menu values (1761300000000000003, 1761400000000001026);
insert into sys_role_menu values (1761300000000000003, 1761400000000001027);
insert into sys_role_menu values (1761300000000000003, 1761400000000001028);
insert into sys_role_menu values (1761300000000000003, 1761400000000001029);
insert into sys_role_menu values (1761300000000000003, 1761400000000001030);
insert into sys_role_menu values (1761300000000000003, 1761400000000001031);
insert into sys_role_menu values (1761300000000000003, 1761400000000001032);
insert into sys_role_menu values (1761300000000000003, 1761400000000001033);
insert into sys_role_menu values (1761300000000000003, 1761400000000001034);
insert into sys_role_menu values (1761300000000000003, 1761400000000001035);
insert into sys_role_menu values (1761300000000000003, 1761400000000001036);
insert into sys_role_menu values (1761300000000000003, 1761400000000001037);
insert into sys_role_menu values (1761300000000000003, 1761400000000001038);
insert into sys_role_menu values (1761300000000000003, 1761400000000001039);
insert into sys_role_menu values (1761300000000000003, 1761400000000001040);
insert into sys_role_menu values (1761300000000000003, 1761400000000001041);
insert into sys_role_menu values (1761300000000000003, 1761400000000001042);
insert into sys_role_menu values (1761300000000000003, 1761400000000001043);
insert into sys_role_menu values (1761300000000000003, 1761400000000001044);
insert into sys_role_menu values (1761300000000000003, 1761400000000001045);
insert into sys_role_menu values (1761300000000000003, 1761400000000001061);
insert into sys_role_menu values (1761300000000000003, 1761400000000001062);
insert into sys_role_menu values (1761300000000000003, 1761400000000001063);
insert into sys_role_menu values (1761300000000000003, 1761400000000001064);
insert into sys_role_menu values (1761300000000000003, 1761400000000001065);
insert into sys_role_menu values (1761300000000000003, 1761400000000001600);
insert into sys_role_menu values (1761300000000000003, 1761400000000001601);
insert into sys_role_menu values (1761300000000000003, 1761400000000001602);
insert into sys_role_menu values (1761300000000000003, 1761400000000001603);
insert into sys_role_menu values (1761300000000000003, 1761400000000001620);
insert into sys_role_menu values (1761300000000000003, 1761400000000001621);
insert into sys_role_menu values (1761300000000000003, 1761400000000001622);
insert into sys_role_menu values (1761300000000000003, 1761400000000001623);
insert into sys_role_menu values (1761300000000000003, 1761400000000011616);
insert into sys_role_menu values (1761300000000000003, 1761400000000011618);
insert into sys_role_menu values (1761300000000000003, 1761400000000011619);
insert into sys_role_menu values (1761300000000000003, 1761400000000011622);
insert into sys_role_menu values (1761300000000000003, 1761400000000011623);
insert into sys_role_menu values (1761300000000000003, 1761400000000011629);
insert into sys_role_menu values (1761300000000000003, 1761400000000011632);
insert into sys_role_menu values (1761300000000000003, 1761400000000011633);
insert into sys_role_menu values (1761300000000000003, 1761400000000011638);
insert into sys_role_menu values (1761300000000000003, 1761400000000011639);
insert into sys_role_menu values (1761300000000000003, 1761400000000011640);
insert into sys_role_menu values (1761300000000000003, 1761400000000011641);
insert into sys_role_menu values (1761300000000000003, 1761400000000011642);
insert into sys_role_menu values (1761300000000000003, 1761400000000011643);
insert into sys_role_menu values (1761300000000000003, 1761400000000011701);

-- ----------------------------
-- 8、角色和部门关联表  角色1-N部门
-- ----------------------------
create table if not exists sys_role_dept
(
    role_id int8 not null,
    dept_id int8 not null,
    constraint sys_role_dept_pk primary key (role_id, dept_id)
);

comment on table sys_role_dept              is '角色和部门关联表';
comment on column sys_role_dept.role_id     is '角色ID';
comment on column sys_role_dept.dept_id     is '部门ID';


-- ----------------------------
-- 9、用户与岗位关联表  用户1-N岗位
-- ----------------------------
create table if not exists sys_user_post
(
    user_id int8 not null,
    post_id int8 not null,
    constraint sys_user_post_pk primary key (user_id, post_id)
);

comment on table sys_user_post              is '用户与岗位关联表';
comment on column sys_user_post.user_id     is '用户ID';
comment on column sys_user_post.post_id     is '岗位ID';

-- ----------------------------
-- 初始化-用户与岗位关联表数据
-- ----------------------------
insert into sys_user_post values (1761100000000000001, 1761200000000000001);

-- ----------------------------
-- 10、操作日志记录
-- ----------------------------
create table if not exists sys_oper_log
(
    oper_id        int8,
    title          varchar(50)   default ''::varchar,
    business_type  int4          default 0,
    method         varchar(100)  default ''::varchar,
    request_method varchar(10)   default ''::varchar,
    operator_type  int4          default 0,
    oper_name      varchar(50)   default ''::varchar,
    user_id        int8,
    dept_id        int8,
    dept_name      varchar(50)   default ''::varchar,
    client_key     varchar(32)   default ''::varchar,
    device_type    varchar(32)   default ''::varchar,
    browser        varchar(50)   default ''::varchar,
    os             varchar(50)   default ''::varchar,
    oper_url       varchar(255)  default ''::varchar,
    oper_ip        varchar(128)  default ''::varchar,
    oper_location  varchar(255)  default ''::varchar,
    oper_param     varchar(4000) default ''::varchar,
    json_result    varchar(4000) default ''::varchar,
    status         int4          default 0,
    error_msg      varchar(4000) default ''::varchar,
    oper_time      timestamp,
    cost_time      int8          default 0,
    constraint sys_oper_log_pk primary key (oper_id)
);

create index idx_sys_oper_log_bt ON sys_oper_log (business_type);
create index idx_sys_oper_log_uid ON sys_oper_log (user_id);
create index idx_sys_oper_log_s ON sys_oper_log (status);
create index idx_sys_oper_log_ot ON sys_oper_log (oper_time);

comment on table sys_oper_log                   is '操作日志记录';
comment on column sys_oper_log.oper_id          is '日志主键';
comment on column sys_oper_log.title            is '模块标题';
comment on column sys_oper_log.business_type    is '业务类型（0其它 1新增 2修改 3删除）';
comment on column sys_oper_log.method           is '方法名称';
comment on column sys_oper_log.request_method   is '请求方式';
comment on column sys_oper_log.operator_type    is '操作类别（0其它 1后台用户 2手机端用户）';
comment on column sys_oper_log.oper_name        is '操作人员';
comment on column sys_oper_log.user_id          is '操作用户ID';
comment on column sys_oper_log.dept_id          is '操作部门ID';
comment on column sys_oper_log.dept_name        is '部门名称';
comment on column sys_oper_log.client_key       is '客户端';
comment on column sys_oper_log.device_type      is '设备类型';
comment on column sys_oper_log.browser          is '浏览器类型';
comment on column sys_oper_log.os               is '操作系统';
comment on column sys_oper_log.oper_url         is '请求URL';
comment on column sys_oper_log.oper_ip          is '主机地址';
comment on column sys_oper_log.oper_location    is '操作地点';
comment on column sys_oper_log.oper_param       is '请求参数';
comment on column sys_oper_log.json_result      is '返回参数';
comment on column sys_oper_log.status           is '操作状态（0正常 1异常）';
comment on column sys_oper_log.error_msg        is '错误消息';
comment on column sys_oper_log.oper_time        is '操作时间';
comment on column sys_oper_log.cost_time        is '消耗时间';

-- ----------------------------
-- 11、字典类型表
-- ----------------------------
create table if not exists sys_dict_type
(
    dict_id     int8,
    dict_name   varchar(100) default ''::varchar,
    dict_type   varchar(100) default ''::varchar,
    create_dept int8,
    create_by   int8,
    create_time timestamp,
    update_by   int8,
    update_time timestamp,
    remark      varchar(500) default null::varchar,
    constraint sys_dict_type_pk primary key (dict_id)
);

create unique index sys_dict_type_index1 ON sys_dict_type (dict_type);

comment on table sys_dict_type                  is '字典类型表';
comment on column sys_dict_type.dict_id         is '字典主键';
comment on column sys_dict_type.dict_name       is '字典名称';
comment on column sys_dict_type.dict_type       is '字典类型';
comment on column sys_dict_type.create_dept     is '创建部门';
comment on column sys_dict_type.create_by       is '创建者';
comment on column sys_dict_type.create_time     is '创建时间';
comment on column sys_dict_type.update_by       is '更新者';
comment on column sys_dict_type.update_time     is '更新时间';
comment on column sys_dict_type.remark          is '备注';

insert into sys_dict_type values(1761500000000000001, '用户性别', 'sys_user_gender', 1761000000000000103, 1761100000000000001, now(), null, null, '用户性别列表');
insert into sys_dict_type values(1761500000000000002, '菜单状态', 'sys_show_hide', 1761000000000000103, 1761100000000000001, now(), null, null, '菜单状态列表');
insert into sys_dict_type values(1761500000000000003, '系统开关', 'sys_normal_disable', 1761000000000000103, 1761100000000000001, now(), null, null, '系统开关列表');
insert into sys_dict_type values(1761500000000000006, '系统是否', 'sys_yes_no', 1761000000000000103, 1761100000000000001, now(), null, null, '系统是否列表');
insert into sys_dict_type values(1761500000000000007, '通知类型', 'sys_notice_type', 1761000000000000103, 1761100000000000001, now(), null, null, '通知类型列表');
insert into sys_dict_type values(1761500000000000008, '通知状态', 'sys_notice_status', 1761000000000000103, 1761100000000000001, now(), null, null, '通知状态列表');
insert into sys_dict_type values(1761500000000000009, '操作类型', 'sys_oper_type', 1761000000000000103, 1761100000000000001, now(), null, null, '操作类型列表');
insert into sys_dict_type values(1761500000000000010, '系统状态', 'sys_common_status', 1761000000000000103, 1761100000000000001, now(), null, null, '登录状态列表');
insert into sys_dict_type values(1761500000000000011, '授权类型', 'sys_grant_type', 1761000000000000103, 1761100000000000001, now(), null, null, '认证授权类型');
insert into sys_dict_type values(1761500000000000012, '设备类型', 'sys_device_type', 1761000000000000103, 1761100000000000001, now(), null, null, '客户端设备类型');

-- ----------------------------
-- 12、字典数据表
-- ----------------------------
create table if not exists sys_dict_data
(
    dict_code   int8,
    dict_sort   int4         default 0,
    dict_label  varchar(100) default ''::varchar,
    dict_value  varchar(100) default ''::varchar,
    dict_type   varchar(100) default ''::varchar,
    css_class   varchar(100) default null::varchar,
    list_class  varchar(100) default null::varchar,
    is_default  char         default 'N'::bpchar,
    create_dept int8,
    create_by   int8,
    create_time timestamp,
    update_by   int8,
    update_time timestamp,
    remark      varchar(500) default null::varchar,
    constraint sys_dict_data_pk primary key (dict_code)
);

create index idx_sys_dict_data_type ON sys_dict_data (dict_type);

comment on table sys_dict_data                  is '字典数据表';
comment on column sys_dict_data.dict_code       is '字典编码';
comment on column sys_dict_data.dict_sort       is '字典排序';
comment on column sys_dict_data.dict_label      is '字典标签';
comment on column sys_dict_data.dict_value      is '字典键值';
comment on column sys_dict_data.dict_type       is '字典类型';
comment on column sys_dict_data.css_class       is '样式属性（其他样式扩展）';
comment on column sys_dict_data.list_class      is '表格回显样式';
comment on column sys_dict_data.is_default      is '是否默认（Y是 N否）';
comment on column sys_dict_data.create_dept     is '创建部门';
comment on column sys_dict_data.create_by       is '创建者';
comment on column sys_dict_data.create_time     is '创建时间';
comment on column sys_dict_data.update_by       is '更新者';
comment on column sys_dict_data.update_time     is '更新时间';
comment on column sys_dict_data.remark          is '备注';

insert into sys_dict_data values(1761600000000000001, 1, '男', '0', 'sys_user_gender', '', '', 'Y', 1761000000000000103, 1761100000000000001, now(), null, null, '性别男');
insert into sys_dict_data values(1761600000000000002, 2, '女', '1', 'sys_user_gender', '', '', 'N', 1761000000000000103, 1761100000000000001, now(), null, null, '性别女');
insert into sys_dict_data values(1761600000000000003, 3, '未知', '2', 'sys_user_gender', '', '', 'N', 1761000000000000103, 1761100000000000001, now(), null, null, '性别未知');
insert into sys_dict_data values(1761600000000000004, 1, '显示', '0', 'sys_show_hide', '', 'primary', 'Y', 1761000000000000103, 1761100000000000001, now(), null, null, '显示菜单');
insert into sys_dict_data values(1761600000000000005, 2, '隐藏', '1', 'sys_show_hide', '', 'danger', 'N', 1761000000000000103, 1761100000000000001, now(), null, null, '隐藏菜单');
insert into sys_dict_data values(1761600000000000006, 1, '正常', '0', 'sys_normal_disable', '', 'primary', 'Y', 1761000000000000103, 1761100000000000001, now(), null, null, '正常状态');
insert into sys_dict_data values(1761600000000000007, 2, '停用', '1', 'sys_normal_disable', '', 'danger', 'N', 1761000000000000103, 1761100000000000001, now(), null, null, '停用状态');
insert into sys_dict_data values(1761600000000000012, 1, '是', 'Y', 'sys_yes_no', '', 'primary', 'Y', 1761000000000000103, 1761100000000000001, now(), null, null, '系统默认是');
insert into sys_dict_data values(1761600000000000013, 2, '否', 'N', 'sys_yes_no', '', 'danger', 'N', 1761000000000000103, 1761100000000000001, now(), null, null, '系统默认否');
insert into sys_dict_data values(1761600000000000014, 1, '通知', '1', 'sys_notice_type', '', 'warning', 'Y', 1761000000000000103, 1761100000000000001, now(), null, null, '通知');
insert into sys_dict_data values(1761600000000000015, 2, '公告', '2', 'sys_notice_type', '', 'success', 'N', 1761000000000000103, 1761100000000000001, now(), null, null, '公告');
insert into sys_dict_data values(1761600000000000016, 1, '正常', '0', 'sys_notice_status', '', 'primary', 'Y', 1761000000000000103, 1761100000000000001, now(), null, null, '正常状态');
insert into sys_dict_data values(1761600000000000017, 2, '关闭', '1', 'sys_notice_status', '', 'danger', 'N', 1761000000000000103, 1761100000000000001, now(), null, null, '关闭状态');
insert into sys_dict_data values(1761600000000000029, 99, '其他', '0', 'sys_oper_type', '', 'info', 'N', 1761000000000000103, 1761100000000000001, now(), null, null, '其他操作');
insert into sys_dict_data values(1761600000000000018, 1, '新增', '1', 'sys_oper_type', '', 'info', 'N', 1761000000000000103, 1761100000000000001, now(), null, null, '新增操作');
insert into sys_dict_data values(1761600000000000019, 2, '修改', '2', 'sys_oper_type', '', 'info', 'N', 1761000000000000103, 1761100000000000001, now(), null, null, '修改操作');
insert into sys_dict_data values(1761600000000000020, 3, '删除', '3', 'sys_oper_type', '', 'danger', 'N', 1761000000000000103, 1761100000000000001, now(), null, null, '删除操作');
insert into sys_dict_data values(1761600000000000021, 4, '授权', '4', 'sys_oper_type', '', 'primary', 'N', 1761000000000000103, 1761100000000000001, now(), null, null, '授权操作');
insert into sys_dict_data values(1761600000000000022, 5, '导出', '5', 'sys_oper_type', '', 'warning', 'N', 1761000000000000103, 1761100000000000001, now(), null, null, '导出操作');
insert into sys_dict_data values(1761600000000000023, 6, '导入', '6', 'sys_oper_type', '', 'warning', 'N', 1761000000000000103, 1761100000000000001, now(), null, null, '导入操作');
insert into sys_dict_data values(1761600000000000024, 7, '强退', '7', 'sys_oper_type', '', 'danger', 'N', 1761000000000000103, 1761100000000000001, now(), null, null, '强退操作');
insert into sys_dict_data values(1761600000000000026, 9, '清空数据', '9', 'sys_oper_type', '', 'danger', 'N', 1761000000000000103, 1761100000000000001, now(), null, null, '清空操作');
insert into sys_dict_data values(1761600000000000027, 1, '成功', '0', 'sys_common_status', '', 'primary', 'N', 1761000000000000103, 1761100000000000001, now(), null, null, '正常状态');
insert into sys_dict_data values(1761600000000000028, 2, '失败', '1', 'sys_common_status', '', 'danger', 'N', 1761000000000000103, 1761100000000000001, now(), null, null, '停用状态');
insert into sys_dict_data values(1761600000000000030, 0, '密码认证', 'password', 'sys_grant_type', '', 'default', 'N', 1761000000000000103, 1761100000000000001, now(), null, null, '密码认证');
insert into sys_dict_data values(1761600000000000031, 0, '短信认证', 'sms', 'sys_grant_type', '', 'default', 'N', 1761000000000000103, 1761100000000000001, now(), null, null, '短信认证');
insert into sys_dict_data values(1761600000000000032, 0, '邮件认证', 'email', 'sys_grant_type', '', 'default', 'N', 1761000000000000103, 1761100000000000001, now(), null, null, '邮件认证');
insert into sys_dict_data values(1761600000000000033, 0, '小程序认证', 'xcx', 'sys_grant_type', '', 'default', 'N', 1761000000000000103, 1761100000000000001, now(), null, null, '小程序认证');
insert into sys_dict_data values(1761600000000000034, 0, '三方登录认证', 'social', 'sys_grant_type', '', 'default', 'N', 1761000000000000103, 1761100000000000001, now(), null, null, '三方登录认证');
insert into sys_dict_data values(1761600000000000035, 0, 'PC', 'pc', 'sys_device_type', '', 'default', 'N', 1761000000000000103, 1761100000000000001, now(), null, null, 'PC');
insert into sys_dict_data values(1761600000000000036, 0, '安卓', 'android', 'sys_device_type', '', 'default', 'N', 1761000000000000103, 1761100000000000001, now(), null, null, '安卓');
insert into sys_dict_data values(1761600000000000037, 0, 'iOS', 'ios', 'sys_device_type', '', 'default', 'N', 1761000000000000103, 1761100000000000001, now(), null, null, 'iOS');
insert into sys_dict_data values(1761600000000000038, 0, '小程序', 'xcx', 'sys_device_type', '', 'default', 'N', 1761000000000000103, 1761100000000000001, now(), null, null, '小程序');


-- ----------------------------
-- 13、参数配置表
-- ----------------------------
create table if not exists sys_config
(
    config_id    int8,
    config_name  varchar(100) default ''::varchar,
    config_key   varchar(100) default ''::varchar,
    config_value varchar(500) default ''::varchar,
    config_type  char         default 'N'::bpchar,
    create_dept  int8,
    create_by    int8,
    create_time  timestamp,
    update_by    int8,
    update_time  timestamp,
    remark       varchar(500) default null::varchar,
    constraint sys_config_pk primary key (config_id)
);

comment on table sys_config                 is '参数配置表';
comment on column sys_config.config_id      is '参数主键';
comment on column sys_config.config_name    is '参数名称';
comment on column sys_config.config_key     is '参数键名';
comment on column sys_config.config_value   is '参数键值';
comment on column sys_config.config_type    is '系统内置（Y是 N否）';
comment on column sys_config.create_dept    is '创建部门';
comment on column sys_config.create_by      is '创建者';
comment on column sys_config.create_time    is '创建时间';
comment on column sys_config.update_by      is '更新者';
comment on column sys_config.update_time    is '更新时间';
comment on column sys_config.remark         is '备注';

insert into sys_config values(1761700000000000001, '用户管理-账号初始密码', 'sys.user.initPassword', '123456', 'Y', 1761000000000000103, 1761100000000000001, now(), null, null, '初始化密码 123456');
insert into sys_config values(1761700000000000002, '账号自助-是否开启用户注册功能', 'sys.account.registerUser', 'false', 'Y', 1761000000000000103, 1761100000000000001, now(), null, null, '是否开启注册用户功能（true开启，false关闭）');
insert into sys_config values(1761700000000000003, 'OSS预览列表资源开关', 'sys.oss.previewListResource', 'true', 'Y', 1761000000000000103, 1761100000000000001, now(), null, null, 'true:开启, false:关闭');


-- ----------------------------
-- 14、系统访问记录
-- ----------------------------
create table if not exists sys_login_info
(
    info_id        int8,
    user_name      varchar(50)  default ''::varchar,
    client_key     varchar(32)  default ''::varchar,
    device_type    varchar(32)  default ''::varchar,
    ipaddr         varchar(128) default ''::varchar,
    login_location varchar(255) default ''::varchar,
    browser        varchar(50)  default ''::varchar,
    os             varchar(50)  default ''::varchar,
    status         char         default '0'::bpchar,
    msg            varchar(255) default ''::varchar,
    login_time     timestamp,
    constraint sys_login_info_pk primary key (info_id)
);

create index idx_sys_login_info_s ON sys_login_info (status);
create index idx_sys_login_info_lt ON sys_login_info (login_time);

comment on table sys_login_info                 is '系统访问记录';
comment on column sys_login_info.info_id        is '访问ID';
comment on column sys_login_info.user_name      is '用户账号';
comment on column sys_login_info.client_key     is '客户端';
comment on column sys_login_info.device_type    is '设备类型';
comment on column sys_login_info.ipaddr         is '登录IP地址';
comment on column sys_login_info.login_location is '登录地点';
comment on column sys_login_info.browser        is '浏览器类型';
comment on column sys_login_info.os             is '操作系统';
comment on column sys_login_info.status         is '登录状态（0正常 1异常）';
comment on column sys_login_info.msg            is '提示消息';
comment on column sys_login_info.login_time     is '访问时间';

-- ----------------------------
-- 17、通知公告表
-- ----------------------------
create table if not exists sys_notice
(
    notice_id      int8,
    notice_title   varchar(50)  not null,
    notice_type    char         not null,
    notice_content text,
    status         char         default '0'::bpchar,
    create_dept    int8,
    create_by      int8,
    create_time    timestamp,
    update_by      int8,
    update_time    timestamp,
    remark         varchar(255) default null::varchar,
    constraint sys_notice_pk primary key (notice_id)
);

comment on table sys_notice                 is '通知公告表';
comment on column sys_notice.notice_id      is '公告ID';
comment on column sys_notice.notice_title   is '公告标题';
comment on column sys_notice.notice_type    is '公告类型（1通知 2公告）';
comment on column sys_notice.notice_content is '公告内容';
comment on column sys_notice.status         is '公告状态（0正常 1关闭）';
comment on column sys_notice.create_dept    is '创建部门';
comment on column sys_notice.create_by      is '创建者';
comment on column sys_notice.create_time    is '创建时间';
comment on column sys_notice.update_by      is '更新者';
comment on column sys_notice.update_time    is '更新时间';
comment on column sys_notice.remark         is '备注';

-- ----------------------------
-- 初始化-公告信息表数据
-- ----------------------------
insert into sys_notice values(1761800000000000001, '温馨提醒：2018-07-01 新版本发布啦', '2', '新版本内容', '0', 1761000000000000103, 1761100000000000001, now(), null, null, '管理员');
insert into sys_notice values(1761800000000000002, '维护通知：2018-07-01 系统凌晨维护', '1', '维护内容', '0', 1761000000000000103, 1761100000000000001, now(), null, null, '管理员');


-- ----------------------------
-- 18、消息记录表
-- ----------------------------
create table if not exists sys_message
(
    message_id    int8,
    category      varchar(20)   not null,
    type          varchar(20)   not null,
    source        varchar(20)   not null,
    title         varchar(100)  default ''::varchar,
    message       varchar(500)  default ''::varchar,
    content       text,
    data_json     text,
    path          varchar(500)  default null::varchar,
    send_user_ids varchar(2000) not null default '0'::varchar,
    create_dept   int8,
    create_by     int8,
    create_time   timestamp,
    update_by     int8,
    update_time   timestamp,
    constraint sys_message_pk primary key (message_id)
);

create index if not exists idx_sys_message_category_time on sys_message (category, create_time);

comment on table sys_message                   is '消息记录表';
comment on column sys_message.message_id       is '消息ID';
comment on column sys_message.category         is '消息分组(system/notice/workflow)';
comment on column sys_message.type             is '消息类型';
comment on column sys_message.source           is '消息来源';
comment on column sys_message.title            is '标题';
comment on column sys_message.message          is '摘要消息';
comment on column sys_message.content          is '详细内容';
comment on column sys_message.data_json        is '扩展数据JSON';
comment on column sys_message.path             is '前端跳转路径';
comment on column sys_message.send_user_ids    is '目标用户ID串，0表示全局';
comment on column sys_message.create_dept      is '创建部门';
comment on column sys_message.create_by        is '创建者';
comment on column sys_message.create_time      is '创建时间';
comment on column sys_message.update_by        is '更新者';
comment on column sys_message.update_time      is '更新时间';


-- ----------------------------
-- OSS对象存储表
-- ----------------------------
create table if not exists sys_oss
(
    oss_id        int8,
    file_name     varchar(255) default ''::varchar not null,
    original_name varchar(255) default ''::varchar not null,
    file_suffix   varchar(10)  default ''::varchar not null,
    url           varchar(500) default ''::varchar not null,
    ext1          varchar(500) default ''::varchar,
    create_dept   int8,
    create_by     int8,
    create_time   timestamp,
    update_by     int8,
    update_time   timestamp,
    service       varchar(20)  default 'minio'::varchar,
    constraint sys_oss_pk primary key (oss_id)
);

comment on table sys_oss                    is 'OSS对象存储表';
comment on column sys_oss.oss_id            is '对象存储主键';
comment on column sys_oss.file_name         is '文件名';
comment on column sys_oss.original_name     is '原名';
comment on column sys_oss.file_suffix       is '文件后缀名';
comment on column sys_oss.url               is 'URL地址';
comment on column sys_oss.ext1              is '扩展字段';
comment on column sys_oss.create_by         is '上传人';
comment on column sys_oss.create_dept       is '创建部门';
comment on column sys_oss.create_time       is '创建时间';
comment on column sys_oss.update_by         is '更新者';
comment on column sys_oss.update_time       is '更新时间';
comment on column sys_oss.service           is '服务商';

-- ----------------------------
-- OSS对象存储动态配置表
-- ----------------------------
create table if not exists sys_oss_config
(
    oss_config_id int8,
    config_key    varchar(20)  default ''::varchar not null,
    access_key    varchar(255) default ''::varchar,
    secret_key    varchar(255) default ''::varchar,
    bucket_name   varchar(255) default ''::varchar,
    prefix        varchar(255) default ''::varchar,
    endpoint      varchar(255) default ''::varchar,
    domain_url    varchar(255) default ''::varchar,
    is_https      char         default 'N'::bpchar,
    region        varchar(255) default ''::varchar,
    access_policy char(1)      default '1'::bpchar not null,
    status        char         default 'N'::bpchar,
    ext1          varchar(255) default ''::varchar,
    create_dept   int8,
    create_by     int8,
    create_time   timestamp,
    update_by     int8,
    update_time   timestamp,
    remark        varchar(500) default ''::varchar,
    constraint sys_oss_config_pk primary key (oss_config_id)
);

comment on table sys_oss_config                 is '对象存储配置表';
comment on column sys_oss_config.oss_config_id  is '主键';
comment on column sys_oss_config.config_key     is '配置key';
comment on column sys_oss_config.access_key     is 'accessKey';
comment on column sys_oss_config.secret_key     is '秘钥';
comment on column sys_oss_config.bucket_name    is '桶名称';
comment on column sys_oss_config.prefix         is '前缀';
comment on column sys_oss_config.endpoint       is '访问站点';
comment on column sys_oss_config.domain_url     is '自定义域名';
comment on column sys_oss_config.is_https       is '是否https（Y=是,N=否）';
comment on column sys_oss_config.region         is '域';
comment on column sys_oss_config.access_policy  is '桶权限类型(0=private 1=public 2=custom)';
comment on column sys_oss_config.status         is '是否默认（Y=是,N=否）';
comment on column sys_oss_config.ext1           is '扩展字段';
comment on column sys_oss_config.create_dept    is '创建部门';
comment on column sys_oss_config.create_by      is '创建者';
comment on column sys_oss_config.create_time    is '创建时间';
comment on column sys_oss_config.update_by      is '更新者';
comment on column sys_oss_config.update_time    is '更新时间';
comment on column sys_oss_config.remark         is '备注';

insert into sys_oss_config values (1761900000000000001, 'minio', 'xuya-max', 'xuya-max123', 'xuya-max', '', '127.0.0.1:9000', '', 'N', '', '1', 'Y', '', 1761000000000000103, 1761100000000000001, now(), 1761100000000000001, now(), null);
insert into sys_oss_config values (1761900000000000002, 'qiniu', 'XXXXXXXXXXXXXXX', 'XXXXXXXXXXXXXXX', 'xuya-max', '', 's3-cn-north-1.qiniucs.com', '', 'N', '', '1', 'N', '', 1761000000000000103, 1761100000000000001, now(), 1761100000000000001, now(), null);
insert into sys_oss_config values (1761900000000000003, 'aliyun', 'XXXXXXXXXXXXXXX', 'XXXXXXXXXXXXXXX', 'xuya-max', '', 'oss-cn-beijing.aliyuncs.com', '', 'N', '', '1', 'N', '', 1761000000000000103, 1761100000000000001, now(), 1761100000000000001, now(), null);
insert into sys_oss_config values (1761900000000000004, 'qcloud', 'XXXXXXXXXXXXXXX', 'XXXXXXXXXXXXXXX', 'xuya-max-1240000000', '', 'cos.ap-beijing.myqcloud.com', '', 'N', 'ap-beijing', '1', 'N', '', 1761000000000000103, 1761100000000000001, now(), 1761100000000000001, now(), null);
insert into sys_oss_config values (1761900000000000005, 'image', 'xuya-max', 'xuya-max123', 'xuya-max', 'image', '127.0.0.1:9000', '', 'N', '', '1', 'N', '', 1761000000000000103, 1761100000000000001, now(), 1761100000000000001, now(), NULL);

-- ----------------------------
-- 系统授权表
-- ----------------------------
create table sys_client (
    id                  int8,
    client_id           varchar(64)   default ''::varchar,
    client_key          varchar(32)   default ''::varchar,
    client_secret       varchar(255)  default ''::varchar,
    grant_type          varchar(255)  default ''::varchar,
    device_type         varchar(32)   default ''::varchar,
    access_path         varchar(2000) default ''::varchar,
    ip_whitelist        varchar(1000) default ''::varchar,
    active_timeout      int4          default 1800,
    timeout             int4          default 604800,
    status              char(1)       default '0'::bpchar,
    del_flag            char(1)       default '0'::bpchar,
    create_dept         int8,
    create_by           int8,
    create_time         timestamp,
    update_by           int8,
    update_time         timestamp,
    constraint sys_client_pk primary key (id)
);

comment on table sys_client                         is '系统授权表';
comment on column sys_client.id                     is '主键';
comment on column sys_client.client_id              is '客户端id';
comment on column sys_client.client_key             is '客户端key';
comment on column sys_client.client_secret          is '客户端秘钥';
comment on column sys_client.grant_type             is '授权类型';
comment on column sys_client.device_type            is '设备类型';
comment on column sys_client.access_path            is '允许访问路径';
comment on column sys_client.ip_whitelist           is 'IP白名单';
comment on column sys_client.active_timeout         is 'token活跃超时时间';
comment on column sys_client.timeout                is 'token固定超时';
comment on column sys_client.status                 is '状态（0正常 1停用）';
comment on column sys_client.del_flag               is '删除标志（0代表存在 1代表删除）';
comment on column sys_client.create_dept            is '创建部门';
comment on column sys_client.create_by              is '创建者';
comment on column sys_client.create_time            is '创建时间';
comment on column sys_client.update_by              is '更新者';
comment on column sys_client.update_time            is '更新时间';

insert into sys_client values (1762000000000000001, 'e5cd7e4891bf95d1d19206ce24a7b32e', 'pc', 'pc123', 'password,social', 'pc', '', '', 1800, 604800, 0, 0, 1761000000000000103, 1761100000000000001, now(), 1761100000000000001, now());
insert into sys_client values (1762000000000000002, '428a8310cd442757ae699df5d894f051', 'app', 'app123', 'password,sms,social', 'android', '/app/**', '', 1800, 604800, 0, 0, 1761000000000000103, 1761100000000000001, now(), 1761100000000000001, now());


-- 字符串自动转时间 避免框架时间查询报错问题
create or replace function cast_varchar_to_timestamp(varchar) returns timestamptz as $$
select to_timestamp($1, 'yyyy-mm-dd hh24:mi:ss');
$$ language sql strict ;

create cast (varchar as timestamptz) with function cast_varchar_to_timestamp as IMPLICIT;

